{"cameraMode":{"drawMode":0,"name":"Shaded","section":"Shading Mode"},"sceneLighting":true,"audioPlay":false,"sceneViewState":{"showFog":true,"showMaterialUpdate":false,"showSkybox":true,"showFlares":true,"showImageEffects":true,"showParticleSystems":true},"in2DMode":false,"pivot":{"x":-2.7452502250671388,"y":2.1826276779174806,"z":0.9247152805328369},"rotation":{"x":0.16975510120391847,"y":0.7225555777549744,"z":-0.19092246890068055,"w":0.6425503492355347},"size":2.0058422088623049,"orthographic":false}