{"cameraMode":{"drawMode":0,"name":"Shaded","section":"Shading Mode"},"sceneLighting":true,"audioPlay":false,"sceneViewState":{"showFog":true,"showMaterialUpdate":false,"showSkybox":true,"showFlares":true,"showImageEffects":true,"showParticleSystems":true},"in2DMode":false,"pivot":{"x":1.4833645820617676,"y":1.9038771390914918,"z":-2.8234362602233888},"rotation":{"x":0.043591391295194629,"y":-0.9051727652549744,"z":0.09566417336463928,"w":0.4121074974536896},"size":0.5058423280715942,"orthographic":false}