{"cameraMode":{"drawMode":0,"name":"Shaded","section":"Shading Mode"},"sceneLighting":false,"audioPlay":false,"sceneViewState":{"showFog":true,"showMaterialUpdate":false,"showSkybox":false,"showFlares":true,"showImageEffects":true,"showParticleSystems":true},"in2DMode":false,"pivot":{"x":0.4138125777244568,"y":-0.16489571332931519,"z":0.9721928834915161},"rotation":{"x":0.0007353233522735536,"y":0.9942240715026856,"z":-0.10810846835374832,"w":0.007130910642445087},"size":0.6941574811935425,"orthographic":false}