{"cameraMode":{"drawMode":0,"name":"Shaded","section":"Shading Mode"},"sceneLighting":false,"audioPlay":false,"sceneViewState":{"showFog":true,"showMaterialUpdate":false,"showSkybox":false,"showFlares":true,"showImageEffects":true,"showParticleSystems":true},"in2DMode":false,"pivot":{"x":-0.11125481128692627,"y":1.0044718980789185,"z":1.4710239171981812},"rotation":{"x":-0.17095151543617249,"y":0.3617230951786041,"z":-0.06744258105754852,"w":-0.9140737652778626},"size":2.275665760040283,"orthographic":false}