{"cameraMode":{"drawMode":0,"name":"Shaded","section":"Shading Mode"},"sceneLighting":false,"audioPlay":false,"sceneViewState":{"showFog":true,"showMaterialUpdate":false,"showSkybox":false,"showFlares":true,"showImageEffects":true,"showParticleSystems":true},"in2DMode":false,"pivot":{"x":-0.4492309093475342,"y":2.0239005088806154,"z":5.009500980377197},"rotation":{"x":0.07834784686565399,"y":-0.8657476305961609,"z":0.14304885268211366,"w":0.473417729139328},"size":4.657884120941162,"orthographic":false}