{"cameraMode":{"drawMode":0,"name":"Shaded","section":"Shading Mode"},"sceneLighting":true,"audioPlay":false,"sceneViewState":{"showFog":true,"showMaterialUpdate":false,"showSkybox":true,"showFlares":true,"showImageEffects":true,"showParticleSystems":true},"in2DMode":false,"pivot":{"x":-21.852638244628908,"y":-4.229015350341797,"z":-1.506453514099121},"rotation":{"x":0.07809142768383026,"y":-0.7839304804801941,"z":0.10074488818645477,"w":0.6076886653900147},"size":61.67087936401367,"orthographic":false}