{"cameraMode":{"drawMode":0,"name":"Shaded","section":"Shading Mode"},"sceneLighting":true,"audioPlay":false,"sceneViewState":{"showFog":true,"showMaterialUpdate":false,"showSkybox":true,"showFlares":true,"showImageEffects":true,"showParticleSystems":true},"in2DMode":false,"pivot":{"x":0.17302802205085755,"y":1.069987177848816,"z":1.5050742626190186},"rotation":{"x":0.2089347094297409,"y":-0.5965372323989868,"z":0.16401289403438569,"w":0.757524311542511},"size":2.4452342987060549,"orthographic":false}